id;actual_date;actual_amount;created_by;created_date;last_modified_by;last_modified_date
1;2020-07-13T18:31:29;54665;Money Market Account;2020-07-13T04:41:57;withdrawal California Investor;2020-07-13T03:08:35
2;2020-07-13T02:46:10;42079;integrated innovative open-source;2020-07-13T10:22:13;Multi-lateral Handmade;2020-07-13T09:15:09
3;2020-07-13T09:32:22;57440;deposit Table;2020-07-13T07:28:14;Bedfordshire Tasty;2020-07-13T10:44:16
4;2020-07-13T12:57:32;42738;Plastic;2020-07-13T05:46:31;Hawaii;2020-07-13T13:49:48
5;2020-07-13T01:11:24;27275;Small;2020-07-13T02:35:13;Factors bluetooth Pakistan Rupee;2020-07-14T00:21:24
6;2020-07-13T22:56:25;69497;Borders deposit;2020-07-13T15:45:04;Soft;2020-07-13T22:49:41
7;2020-07-13T15:57:08;75412;Bahraini Dinar;2020-07-14T00:06:23;West Virginia evolve;2020-07-13T14:29:01
8;2020-07-13T09:57:31;86081;Louisiana compress;2020-07-13T17:47:55;Chair;2020-07-13T07:43:19
9;2020-07-13T03:28:51;85251;Brand Beauty haptic;2020-07-13T21:34:35;synergize visionary Utah;2020-07-14T00:10:11
10;2020-07-13T07:42:50;68392;purple;2020-07-13T10:55:09;harness;2020-07-13T14:48:00
